{
    "loss": 0.15434421598911285,
    "accuracy": 0.9509803652763367
}